setup,method,idf_scheme,query_id,query_author,query_source_file,query_section,query_text,doc_id,doc_author,doc_source_file,doc_section,doc_text,rank,score,pair_key
within_tolstoy,bm25,global,tolstoy:tolstoy_vol2:02552,tolstoy,tolstoy_vol2.shtml,IX.,"""Voilà le premier acte. Aux suivants l'intêret et le ridicule montent comme de raison. Après le départ du maréchal il se trouve que nous sommes en vue de l'ennemi, et qu'il faut livrer bataille. Boukshevden est général en chef par droit d'ancienneté, mais le général Benigsen n'est pas de cet avis; d'autant plus qu'il est lui, avec son corps en vue de l'ennemi, et qu'il veut profiter de l'occasion d'une bataille ""aus eigener Hand"" comme disent les Allemands. Il la donne. C'est la bataille de Poultousk qui est sensée être une grande victoire, mais qui à mon avis ne l'est pas du tout. Nous autres pekins avons, comme vous savez, une très vilaine habitude de décider du gain ou de la perte d'une bataille. Celui qui s'est retiré après la bataille, l'a perdu, voilà ce que nous disons, et à titre nous avons perdu la bataille de Poultousk. Bref, nous nous retirons après la bataille, mais nous envoyons un courrier à Pétersbourg, qui porte les nouvelles d'une victoire, et le général ne cède pas le commandement en chef à Boukshevden, espérant recevoir de Pétersbourg en reconnaissance de sa victoire le titre de général en chef. Pendant cet interrègne, nous commenèons un plan de manoeuvres excessivement intéressant et original. Notre but ne consiste pas, comme il devrait l'être, à éviter ou à attaquer l'ennemi; mais uniquement à éviter le général Boukshevden, qui par droit d'ancienneté serait notre chef. Nous poursuivons ce but avec tant d'énergie, que même en passant une rivière qui n'est pas guéable, nous brûlons les ponts pour nous séparer de notre ennemi, qui pour le moment, n'est pas Bonaparte, mais Boukshevden. Le général Boukshevden a manqué d'être attaqué et pris par des forces ennemies supérieures à cause d'une de nos belles manoeuvres qui nous sauvait de lui. Boukshevden nous poursuit -- nous filons. A peine passe-t-il de notre côté de la rivière, que nous repassons de l'autre. A la fin notre ennemi Boukshevden nous attrappe et s'attaque à nous. Les deux généraux se fâchent. Il y a même une provocation en duel de la part de Boukshevden et une attaque d'épilepsie de la part de Benigsen. Mais au moment critique le courrier, qui porte la nouvelle de notre victoire de Poultousk, nous apporte de Pétersbourg notre nomination de général en chef, et le premier ennemi Boukshevden est enfoncé: nous pouvons penser au second, à Bonaparte. Mais ne voilà-t-il pas qu'à ce moment se lève devant nous un troisième ennemi, c'est православное qui demande à grands cris du pain, de la viande, des souchary, du foin, -- que sais je! Les magasins sont vides, les chemins impraticables. Le православное se met à la maraude, et d'une manière dont la dernière campagne ne peut vous donner la moindre idée. La moitié des régiments forme des troupes libres, qui parcourent la contrée en mettant tout à feu et à sang. Les habitants sont ruinés de fond en comble, les hôpitaux regorgent de malades, et la disette est partout. Deux fois le quartier général a été attaqué par des troupes de maraudeurs et le général en chef a été obligé lui même de demander un bataillon pour les chasser. Dans une de ces attaques on m'a emporté ma malle vide et ma robe de chambre. L'Empereur veut donner le droit à tous les chefs de divisions de fusiller les maraudeurs, mais je crains fort que cela n'oblige une moitié de l'armée de fusiller l'autre.",tolstoy:tolstoy_vol2:02546,tolstoy,tolstoy_vol2.shtml,IX.,"""Bref, espérant en imposer seulement par notre attitude militaire, il se trouve que nous voilà en guerre pour tout de bon, et ce qui plus est, en guerre sur nos frontières avec et pour le Roi de Prusse. Tout est au grand complet, il ne nous manque qu'une petite chose, c'est le général en chef. Gomme il s'est trouvé que les succès d'Austerlitz auraient pu être plus décisifs si le général en chef eut été moins jeune, on fait la revue des octogénaires et entre Prosorofsky et Kamensky, on donne la preférence au dernier. Le général nous arrive en kibik à la manière Souvoroff, et est accueilli avec des acclamations de joie et de triomphe.",1,1699.5506048975367,tolstoy:tolstoy_vol2:02546||tolstoy:tolstoy_vol2:02552
within_tolstoy,bm25,global,tolstoy:tolstoy_vol1:00667,tolstoy,tolstoy_vol1.shtml,XXII.,"""La nouvelle de la mort du comte Безухов nous est parvenue avant votre lettre, et mon père en a été très affecté. Il dit que c'était l'avant-dernier représentant du grand siècle, et qu'à présent c'est son tour; mais qu'il fera son possible pour que son tour vienne le plus tard possible. Que Dieu nous garde de ce terrible malheur! Je ne puis partager votre opinion sur Pierre que j'ai connu enfant. Il me paraissait toujours avoir un coeur excellent, et c'est la qualité que j'estime le plus dans les gens. Quant à son héritage et au rôle qu'y a joué le prince Basile, c'est bien triste pour tous les deux. Ah! chère amie, la parole de notre divin Sauveur qu'il est plus aisé à un chameau de passer par le trou d'une aiguille, qu'il ne l'est à un riche d'entrer dans le royaume de Dieu, cette parole est terriblement vraie; je plains le prince Basile et je regrette encore davantage Pierre. Si jeune et accablé de cette richesse, que de tentations n'aura-t-il pas à subir! Si on me demandait ce que je désirerais le plus au monde, ce serait d'être plus pauvre que le plus pauvre des mendiants. Mille grâces, chère amie, pour l'ouvrage que vous m'envoyez, et qui fait si grande fureur chez vous. Cependant, puisque vous me dites qu'au milieu de plusieurs bonnes choses il y en a d'autres que la faible conception humaine ne peut atteindre, il me paraît assez inutile de s'occuper d'une lecture inintelligible; qui par là même ne pourrait être d'aucun fruit. Je n'ai jamais pu comprendre la passion qu'ont certaines personnes de s'embrouiller l'entendement, en s'attachant à des livres mystiques, qui n'élèvent que des doutes dans leurs esprits, exaltant leur imagination et leur donnent un caractère d'exagération tout-à-fait contraire à la simplicité chrétienne. Lisons les Apôtres et l'Evangile. Ne cherchons pas à pénétrer ce que ceux-là renferment de mystérieux, car, comment oserions-nous, misérables pécheurs que nous sommes, prétendre à nous initier dans les secrets terribles et sacrés de la Providence, tant que nous portons cette dépouille charnelle, qui élève entre nous et l'Eternel un voile impénétrable? Bornons-nous donc à étudier les principes sublimes que notre divin Sauveur nous a laissé pour notre conduite ici-bas; cherchons à nous y conformer et à les suivre, persuadons-nous que moins nous donnons d'essor à notre faible esprit humain et plus il est agréable à Dieu, Qui rejette toute science ne venant pas de Lui; que moins nous cherchons à approfondir ce qu'il Lui a plu de dérober à notre connaissance, et plutôt Il nous en accordera la découverte par Son divin esprit.",tolstoy:tolstoy_vol1:00661,tolstoy,tolstoy_vol1.shtml,XXII.,"""Tout Moscou ne parle que guerre. L'un de mes deux frères est déjà à l'étranger, l'autre est avec la garde, qui se met en marche vers la frontière. Notre cher empereur a quitté Pétersbourg et, à ce qu'on prétend, compte lui-même exposer sa précieuse existence aux chances de la guerre. Dieu veuille que le monstre corsicain, qui détruit le repos de l'Europe, soit terrassé par l'ange que le Tout-Puissant, dans Sa miséricorde, nous a donné pour souverain. Sans parler de mes frères, cette guerre m'a privée d'une relation des plus chères à mon coeur. Je parle du jeune Nicolas Rostoff, qui avec son enthousiasme n'a pu supporter l'inaction et a quitté l'université pour aller s'enrôler dans l'armée. Eh bien, chère Marie, je vous avouerai, que, malgré son extrême jeunesse, son départ pour l'armée a été un grand chagrin pour moi. Le jeune homme, dont je vous parlais cet été, a tant de noblesse, de véritable jeunesse qu'on rencontre si rarement dans le siècle ou nous vivons parmi nos vieillards de vingt ans. Il a surtout tant de franchise et de coeur. Il est tellement pur et poétique, que mes relations avec lui, quelque passagères qu'elles fussent, ont été l'une des plus douces jouissances de mon pauvre coeur, qui a déjà tant souffert. Je vous raconterai un jour nos adieux et tout ce qui s'est dit en partant. Tout cela est encore trop frais. Ah! chère amie, vous êtes heureuse de ne pas connaître ces jouissances et ces peines si poignantes. Vous êtes heureuse, puisque les dernières sont ordinairement les plus fortes! Je sais fort bien, que le comte Nicolas est trop jeune pour pouvoir jamais devenir pour moi quelque chose de plus qu'un ami, mais cette douce amitié, ces relations si poétiques et si pures ont été un besoin pour mon coeur. Mais n'en parlons plus. La grande nouvelle du jour qui occupe tout Moscou est la mort du vieux comte Безухов et son héritage. Figurez-vous que les trois princesses n'ont reèu que très peu de chose, le prince Basile rien, est que c'est M. Pierre qui a tout hérité, et qui par-dessus le marché a été reconnu pour fils légitime, par conséquent comte Безухов et possesseur de la plus belle fortune de la Russie. On prétend que le prince Basile a joué un très vilain rôle dans toute cette histoire et qu'il est reparti tout penaud pour Pétersbourg.",1,1193.8565757058548,tolstoy:tolstoy_vol1:00661||tolstoy:tolstoy_vol1:00667
within_tolstoy,bm25,global,tolstoy:tolstoy_vol1:00668,tolstoy,tolstoy_vol1.shtml,XXII.,"""Mon père ne m'a pas parlé du pretendant, mais il m'a dit seulement qu'il a reèu une lettre et attendait une visite du prince Basile. Pour ce qui est du projet de mariage qui me regarde, je vous dirai, chère et excellente amie, que le mariage, selon moi, est une institution divine à laquelle il faut se conformer. Quelque pénible que cela soit pour moi, si le Tout-Puissant m'impose jamais les devoirs d'épouse et de mère, je tâcherai de les remplir aussi fidèlement que je le pourrai, sans m'inquiéter de l'examen de mes sentiments à l'égard de celui qu'il me donnera pour époux. J'ai reèu une lettre de mon frère, qui m'annonce son arrivée à Лысые Горы avec sa femme. Ce sera une joie de courte durée, puisqu'il nous quitte pour prendre part à cette malheureuse guerre, à laquelle nous sommes entraînés Dieu sait comment et pourquoi. Non seulement chez vous au centre des affaires et du monde on ne parle que de guerre, mais ici, au milieu de ces travaux champêtres et de ce calme de la nature, que les citadins se représentent ordinairement à la campagne, les bruits de la guerre se font entendre et sentir péniblement. Mon père ne parle que marche et contremarche, choses auxquelles je ne comprends rien; et avant-hier en faisant ma promenade habituelle dans la rue du village, je fus témoin d'une scène déchirante... C'était un convoi des recrues enrolés chez nous et expédiés pour l'armée... Il fallait voir l'état dans lequel se trouvaient les mères, les femmes, les enfants des hommes qui partaient et entendre les sanglots des uns et des autres! On dirait que l'humanité a oublié les lois de son divin Sauveur, Qui prêchait l'amour et le pardon des offenses, et qu'elle fait consister son plus grand mérite dans l'art de s'entretuer.",tolstoy:tolstoy_vol1:00661,tolstoy,tolstoy_vol1.shtml,XXII.,"""Tout Moscou ne parle que guerre. L'un de mes deux frères est déjà à l'étranger, l'autre est avec la garde, qui se met en marche vers la frontière. Notre cher empereur a quitté Pétersbourg et, à ce qu'on prétend, compte lui-même exposer sa précieuse existence aux chances de la guerre. Dieu veuille que le monstre corsicain, qui détruit le repos de l'Europe, soit terrassé par l'ange que le Tout-Puissant, dans Sa miséricorde, nous a donné pour souverain. Sans parler de mes frères, cette guerre m'a privée d'une relation des plus chères à mon coeur. Je parle du jeune Nicolas Rostoff, qui avec son enthousiasme n'a pu supporter l'inaction et a quitté l'université pour aller s'enrôler dans l'armée. Eh bien, chère Marie, je vous avouerai, que, malgré son extrême jeunesse, son départ pour l'armée a été un grand chagrin pour moi. Le jeune homme, dont je vous parlais cet été, a tant de noblesse, de véritable jeunesse qu'on rencontre si rarement dans le siècle ou nous vivons parmi nos vieillards de vingt ans. Il a surtout tant de franchise et de coeur. Il est tellement pur et poétique, que mes relations avec lui, quelque passagères qu'elles fussent, ont été l'une des plus douces jouissances de mon pauvre coeur, qui a déjà tant souffert. Je vous raconterai un jour nos adieux et tout ce qui s'est dit en partant. Tout cela est encore trop frais. Ah! chère amie, vous êtes heureuse de ne pas connaître ces jouissances et ces peines si poignantes. Vous êtes heureuse, puisque les dernières sont ordinairement les plus fortes! Je sais fort bien, que le comte Nicolas est trop jeune pour pouvoir jamais devenir pour moi quelque chose de plus qu'un ami, mais cette douce amitié, ces relations si poétiques et si pures ont été un besoin pour mon coeur. Mais n'en parlons plus. La grande nouvelle du jour qui occupe tout Moscou est la mort du vieux comte Безухов et son héritage. Figurez-vous que les trois princesses n'ont reèu que très peu de chose, le prince Basile rien, est que c'est M. Pierre qui a tout hérité, et qui par-dessus le marché a été reconnu pour fils légitime, par conséquent comte Безухов et possesseur de la plus belle fortune de la Russie. On prétend que le prince Basile a joué un très vilain rôle dans toute cette histoire et qu'il est reparti tout penaud pour Pétersbourg.",1,838.6741359577054,tolstoy:tolstoy_vol1:00661||tolstoy:tolstoy_vol1:00668
within_tolstoy,bm25,global,tolstoy:tolstoy_vol1:00662,tolstoy,tolstoy_vol1.shtml,XXII.,"""Je vous avoue, que je comprends très peu toutes ces affaires de legs et de testament; ce que je sais, c'est que depuis que le jeune homme que nous connaissions tous sous le nom de M. Pierre tout court est devenu comte Безухов et possesseur de l'une des plus grandes fortunes de la Russie, je m'amuse fort à observer les changements de ton et des manières des mamans accablées de filles à marier et des demoiselles elles-mêmes à l'égard de cet individu, qui, par parenthèse, m'a paru toujours être un pauvre sire. Gomme on s'amuse depuis deux ans à me donner des promis que je ne connais pas le plus souvent, la chronique matrimoniale de Moscou me fait comtesse Безуховой. Mais vous sentez bien que je ne me soucie nullement de le devenir. A propos de mariage, savez-vous que tout dernièrement la tante en g é n é ral Анна Михайловна, m'a confié sous le sceau du plus grand secret un projet de mariage pour vous. Ce n'est ni plus ni moins, que le fils du prince Basile, Anatole, qu'on voudrait ranger en le mariant à une personne riche et distinguée, et c'est sur vous qu'est tombé le choix des parents. Je ne sais comment vous envisagerez la chose, mais j'ai cru de mon devoir de vous en avertir. On le dit très beau et très mauvais sujet; c'est tout ce que j'ai pu savoir sur son compte.",tolstoy:tolstoy_vol1:00661,tolstoy,tolstoy_vol1.shtml,XXII.,"""Tout Moscou ne parle que guerre. L'un de mes deux frères est déjà à l'étranger, l'autre est avec la garde, qui se met en marche vers la frontière. Notre cher empereur a quitté Pétersbourg et, à ce qu'on prétend, compte lui-même exposer sa précieuse existence aux chances de la guerre. Dieu veuille que le monstre corsicain, qui détruit le repos de l'Europe, soit terrassé par l'ange que le Tout-Puissant, dans Sa miséricorde, nous a donné pour souverain. Sans parler de mes frères, cette guerre m'a privée d'une relation des plus chères à mon coeur. Je parle du jeune Nicolas Rostoff, qui avec son enthousiasme n'a pu supporter l'inaction et a quitté l'université pour aller s'enrôler dans l'armée. Eh bien, chère Marie, je vous avouerai, que, malgré son extrême jeunesse, son départ pour l'armée a été un grand chagrin pour moi. Le jeune homme, dont je vous parlais cet été, a tant de noblesse, de véritable jeunesse qu'on rencontre si rarement dans le siècle ou nous vivons parmi nos vieillards de vingt ans. Il a surtout tant de franchise et de coeur. Il est tellement pur et poétique, que mes relations avec lui, quelque passagères qu'elles fussent, ont été l'une des plus douces jouissances de mon pauvre coeur, qui a déjà tant souffert. Je vous raconterai un jour nos adieux et tout ce qui s'est dit en partant. Tout cela est encore trop frais. Ah! chère amie, vous êtes heureuse de ne pas connaître ces jouissances et ces peines si poignantes. Vous êtes heureuse, puisque les dernières sont ordinairement les plus fortes! Je sais fort bien, que le comte Nicolas est trop jeune pour pouvoir jamais devenir pour moi quelque chose de plus qu'un ami, mais cette douce amitié, ces relations si poétiques et si pures ont été un besoin pour mon coeur. Mais n'en parlons plus. La grande nouvelle du jour qui occupe tout Moscou est la mort du vieux comte Безухов et son héritage. Figurez-vous que les trois princesses n'ont reèu que très peu de chose, le prince Basile rien, est que c'est M. Pierre qui a tout hérité, et qui par-dessus le marché a été reconnu pour fils légitime, par conséquent comte Безухов et possesseur de la plus belle fortune de la Russie. On prétend que le prince Basile a joué un très vilain rôle dans toute cette histoire et qu'il est reparti tout penaud pour Pétersbourg.",1,661.1162151054925,tolstoy:tolstoy_vol1:00661||tolstoy:tolstoy_vol1:00662
within_tolstoy,bm25,global,tolstoy:tolstoy_vol3:04102,tolstoy,tolstoy_vol3.shtml,III.,"""Monsieur mon frère. J'ai appris hier que malgré la loyauté avec laquelle j'ai maintenu mes engagements envers Votre Majesté, ses troupes ont franchis les frontières de la Russie, et je reèois à l'instant de Pétersbourg une note par laquelle le comte Lauriston, pour cause de cette agression, annonce que Votre Majesté s'est considérée comme en état de guerre avec moi dès le moment où le prince Kourakine a fait la demande de ses passeports. Les motifs sur lesquels le duc de Bassano fondait son refus de les lui délivrer, n'auraient jamais pu me faire supposer que cette démarche servirait jamais de prétexte à l'agression. En effet cet ambassadeur n'y a jamais été autorisé comme il l'a déclaré lui-même, et aussitôt que j'en fus informé, je lui ai fait connaître combien je le désapprouvais en lui donnant l'orde de rester à son poste. Si Votre Majesté n'est pas intentionnée de verser le sang de nos peuples pour un malentendu de ce genre et qu'elle consente à retirer ses troupes du territoire russe, je regarderai ce qui s'est passé comme non avenu, et un accommodement entre nous sera possible. Dans le cas contraire, Votre Majesté, je me verrai forcé de repousser une attaque que rien n'a provoquée de ma part. Il dépend encore de Votre Majesté d'éviter à l'humanité les calamités d'une nouvelle guerre. Je suis, etc . (signé) Alexandre"".",tolstoy:tolstoy_vol1:00661,tolstoy,tolstoy_vol1.shtml,XXII.,"""Tout Moscou ne parle que guerre. L'un de mes deux frères est déjà à l'étranger, l'autre est avec la garde, qui se met en marche vers la frontière. Notre cher empereur a quitté Pétersbourg et, à ce qu'on prétend, compte lui-même exposer sa précieuse existence aux chances de la guerre. Dieu veuille que le monstre corsicain, qui détruit le repos de l'Europe, soit terrassé par l'ange que le Tout-Puissant, dans Sa miséricorde, nous a donné pour souverain. Sans parler de mes frères, cette guerre m'a privée d'une relation des plus chères à mon coeur. Je parle du jeune Nicolas Rostoff, qui avec son enthousiasme n'a pu supporter l'inaction et a quitté l'université pour aller s'enrôler dans l'armée. Eh bien, chère Marie, je vous avouerai, que, malgré son extrême jeunesse, son départ pour l'armée a été un grand chagrin pour moi. Le jeune homme, dont je vous parlais cet été, a tant de noblesse, de véritable jeunesse qu'on rencontre si rarement dans le siècle ou nous vivons parmi nos vieillards de vingt ans. Il a surtout tant de franchise et de coeur. Il est tellement pur et poétique, que mes relations avec lui, quelque passagères qu'elles fussent, ont été l'une des plus douces jouissances de mon pauvre coeur, qui a déjà tant souffert. Je vous raconterai un jour nos adieux et tout ce qui s'est dit en partant. Tout cela est encore trop frais. Ah! chère amie, vous êtes heureuse de ne pas connaître ces jouissances et ces peines si poignantes. Vous êtes heureuse, puisque les dernières sont ordinairement les plus fortes! Je sais fort bien, que le comte Nicolas est trop jeune pour pouvoir jamais devenir pour moi quelque chose de plus qu'un ami, mais cette douce amitié, ces relations si poétiques et si pures ont été un besoin pour mon coeur. Mais n'en parlons plus. La grande nouvelle du jour qui occupe tout Moscou est la mort du vieux comte Безухов et son héritage. Figurez-vous que les trois princesses n'ont reèu que très peu de chose, le prince Basile rien, est que c'est M. Pierre qui a tout hérité, et qui par-dessus le marché a été reconnu pour fils légitime, par conséquent comte Безухов et possesseur de la plus belle fortune de la Russie. On prétend que le prince Basile a joué un très vilain rôle dans toute cette histoire et qu'il est reparti tout penaud pour Pétersbourg.",1,598.6872227194856,tolstoy:tolstoy_vol1:00661||tolstoy:tolstoy_vol3:04102
within_tolstoy,bm25,global,tolstoy:tolstoy_vol4:06912,tolstoy,tolstoy_vol4.shtml,XVI.,"""Je crois devoir faire connaître à Votre Majesté l'état de ses troupes dans les différents corps d'armée que j'ai été à même d'observer depuis deux ou trois jours dans différents passages. Elles sont presque débandées. Le nombre des soldats qui suivent les drapeaux est en proportion du quart au plus dans presque tous les régiments, les autres marchent isolément dans différentes directions et pour leur compte, dans l'espérance de trouver des subsistanses et pour se débarrasser de la discipline. En général ils regardent Smolensk comme le point où ils doivent se refaire. Ces derniers jours on a remarqué que beaucoup de soldats jettent leurs cartuches etaleurs armes. Dans cet état de choses, l'interêt du service de Votre Majesté exige, quelles que soient ses vues ultérieures qu'on rallie l'armée à Smolensk en commenèant à la débarrasser des non-combattans, tels que hommes demontés et des bagages inutiles et du matériel de l'artillerie qui n'est plus en proportion avec les forces actuelles. En outre les jours de repos, des subsistances sont nécessaires aux soldats qui sont exténués par la faim et la fatigue; beaucoup sont morts ces derniers jours sur la route et dans les bivacs. Cet état de choses va toujours en augmentant et donne lieu de craindre que si l'on n'y prête un prompt remède, on ne soit plus maître des troupes dans un combat. Le 9 Novembre, à 30 verstes de Smolensk"".",tolstoy:tolstoy_vol2:02552,tolstoy,tolstoy_vol2.shtml,IX.,"""Voilà le premier acte. Aux suivants l'intêret et le ridicule montent comme de raison. Après le départ du maréchal il se trouve que nous sommes en vue de l'ennemi, et qu'il faut livrer bataille. Boukshevden est général en chef par droit d'ancienneté, mais le général Benigsen n'est pas de cet avis; d'autant plus qu'il est lui, avec son corps en vue de l'ennemi, et qu'il veut profiter de l'occasion d'une bataille ""aus eigener Hand"" comme disent les Allemands. Il la donne. C'est la bataille de Poultousk qui est sensée être une grande victoire, mais qui à mon avis ne l'est pas du tout. Nous autres pekins avons, comme vous savez, une très vilaine habitude de décider du gain ou de la perte d'une bataille. Celui qui s'est retiré après la bataille, l'a perdu, voilà ce que nous disons, et à titre nous avons perdu la bataille de Poultousk. Bref, nous nous retirons après la bataille, mais nous envoyons un courrier à Pétersbourg, qui porte les nouvelles d'une victoire, et le général ne cède pas le commandement en chef à Boukshevden, espérant recevoir de Pétersbourg en reconnaissance de sa victoire le titre de général en chef. Pendant cet interrègne, nous commenèons un plan de manoeuvres excessivement intéressant et original. Notre but ne consiste pas, comme il devrait l'être, à éviter ou à attaquer l'ennemi; mais uniquement à éviter le général Boukshevden, qui par droit d'ancienneté serait notre chef. Nous poursuivons ce but avec tant d'énergie, que même en passant une rivière qui n'est pas guéable, nous brûlons les ponts pour nous séparer de notre ennemi, qui pour le moment, n'est pas Bonaparte, mais Boukshevden. Le général Boukshevden a manqué d'être attaqué et pris par des forces ennemies supérieures à cause d'une de nos belles manoeuvres qui nous sauvait de lui. Boukshevden nous poursuit -- nous filons. A peine passe-t-il de notre côté de la rivière, que nous repassons de l'autre. A la fin notre ennemi Boukshevden nous attrappe et s'attaque à nous. Les deux généraux se fâchent. Il y a même une provocation en duel de la part de Boukshevden et une attaque d'épilepsie de la part de Benigsen. Mais au moment critique le courrier, qui porte la nouvelle de notre victoire de Poultousk, nous apporte de Pétersbourg notre nomination de général en chef, et le premier ennemi Boukshevden est enfoncé: nous pouvons penser au second, à Bonaparte. Mais ne voilà-t-il pas qu'à ce moment se lève devant nous un troisième ennemi, c'est православное qui demande à grands cris du pain, de la viande, des souchary, du foin, -- que sais je! Les magasins sont vides, les chemins impraticables. Le православное se met à la maraude, et d'une manière dont la dernière campagne ne peut vous donner la moindre idée. La moitié des régiments forme des troupes libres, qui parcourent la contrée en mettant tout à feu et à sang. Les habitants sont ruinés de fond en comble, les hôpitaux regorgent de malades, et la disette est partout. Deux fois le quartier général a été attaqué par des troupes de maraudeurs et le général en chef a été obligé lui même de demander un bataillon pour les chasser. Dans une de ces attaques on m'a emporté ma malle vide et ma robe de chambre. L'Empereur veut donner le droit à tous les chefs de divisions de fusiller les maraudeurs, mais je crains fort que cela n'oblige une moitié de l'armée de fusiller l'autre.",1,563.7136354615626,tolstoy:tolstoy_vol2:02552||tolstoy:tolstoy_vol4:06912
within_tolstoy,bm25,global,tolstoy:tolstoy_vol1:00666,tolstoy,tolstoy_vol1.shtml,XXII.,"""Chère et excellente amie. Votre lettre du 13 m'a causé une grande joie. Vous m'aimez donc toujours, ma poétique Julie. L'absence, dont vous dites tant de mal, n'a donc pas eu son influence habituelle sur vous. Vous vous plaignez de l'absence -- que devrai-je dire moi, si j'osais me plaindre, privée de tous ceux qui me sont chers? Ah! si nous n'avions pas la réligion pour nous consoler, la vie serait bien triste. Pourquoi me supposez-vous un regard sévère, quand vous me parlez de votre affection pour le jeune homme? Sous ce rapport je ne suis rigide que pour moi. Je comprends ces sentiments chez les autres et si je ne puis approuver ne les ayant jamais ressentis, je ne les condamne pas. Il me paraît seulement que l'amour chrétien, l'amour du prochain, l'amour pour ses ennemis est plus méritoire, plus doux et plus beau, que ne le sont les sentiments que peuvent inspirer les beaux yeux d'un jeune homme à une jeune fille poétique et aimante comme vous.",tolstoy:tolstoy_vol1:00659,tolstoy,tolstoy_vol1.shtml,XXII.,"""Chère et excellente amie, quelle chose terrible et effrayante que l'absence! J'ai beau me dire que la moitié de mon existence et de mon bonheur est en vous, que malgré la distance qui nous sépare, nos coeurs sont unis par des liens indissolubles; le mien se révolte contre la destinée, et je ne puis, malgré les plaisirs et les distractions qui m'entourent, vaincre une certaine tristesse cachée que je ressens au fond du coeur depuis notre séparation. Pourquoi ne sommes-nous pas réunies, comme cet été dans votre grand cabinet sur le canapé bleu, le canapé à confidences? Pourquoi ne puis-je, comme il y a trois mois, puiser de nouvelles forces morales dans votre regard si doux, si calme et si pénétrant, regard que j'aimais tant et que je crois voir devant moi, quand je vous écris"".",1,455.846448788257,tolstoy:tolstoy_vol1:00659||tolstoy:tolstoy_vol1:00666
within_tolstoy,bm25,global,tolstoy:tolstoy_vol2:03611,tolstoy,tolstoy_vol2.shtml,II.,"В последнее время в Москве эта внутренняя жизнь сделалась очень тяжела для княжны Марьи. Она была лишена в Москве тех своих лучших радостей -- бесед с божьими людьми и уединения, -- которые освежали ее в Лысых Горах, и не имела никаких выгод и радостей столичной жизни. В свет она не ездила; все знали, что отец не пускает ее без себя, а сам он по нездоровью не мог ездить, и ее уже не приглашали на обеды и вечера. Надежду на замужество княжна Марья совсем оставила. Она видела ту холодность и озлобление, с которыми князь Николай Андреич принимал и спроваживал от себя молодых людей, могущих быть женихами, иногда являвшихся в их дом. Друзей у княжны Марьи не было: в этот приезд в Москву она разочаровалась в своих двух самых близких людях: m-lle Bourienne, с которою она и прежде не могла быть вполне откровенна, теперь стала ей неприятна и она по некоторым причинам стала отдаляться от нее; Жюли, которая была в Москве и к которой княжна Марья писала пять лет сряду, оказалась совершенно чужою ей, когда княжна Марья вновь сошлась с нею лично. Жюли в это время, по случаю смерти братьев, сделавшись одною из самых богатых невест в Москве, находилась во всем разгаре светских удовольствий. Она была окружена молодыми людьми, которые, как она думала, вдруг оценили ее достоинства. Жюли находилась в том периоде стареющейся светской барышни, которая чувствует, что наступил последний шанс замужества, и теперь или никогда должна решиться ее участь. Княжна Марья с грустною улыбкой вспоминала по четвергам, что ей теперь писать не к кому, так как Жюли, Жюли, от присутствия которой ей не было никакой радости, была здесь и виделась с нею каждую неделю. Она, как старый эмигрант, отказавшийся жениться на даме, у которой он проводил несколько лет свои вечера, жалела о том, что Жюли была здесь и ей некому писать. Княжне Марье в Москве не с кем было поговорить, некому поверить своего горя, а горя много прибавилось нового за это время. Срок возвращения князя Андрея и его женитьбы приближался, а его поручение приготовить к тому отца не только не было исполнено, но дело напротив казалось совсем испорчено, и напоминание о графине Ростовой выводило из себя старого князя, и так уже большую часть времени бывшего не в духе. Новое горе, прибавившееся в последнее время для княжны Марьи, были уроки, которые она давала шестилетнему племяннику. В своих отношениях с Николушкой она с ужасом узнавала в себе свойство раздражительности своего отца. Сколько раз она ни говорила себе, что не надо позволять себе горячиться уча племянника, почти всякий раз, как она садилась с указкой за французскую азбуку, ей так хотелось поскорее, полегче перелить из себя свое знание в ребенка, уже боявшегося, что вот-вот тетя рассердится, что она при малейшем невнимании со стороны мальчика вздрагивала, торопилась, горячилась, возвышала голос, иногда дергала его за руку и ставила в угол. Поставив его в угол, она сама начинала плакать над своею злою, дурною натурой, и Николушка, подражая ей рыданьями, без позволенья выходил из угла, подходил к ней и отдергивал от лица ее мокрые руки, и утешал ее. Но более, более всего горя доставляла княжне раздражительность ее отца, всегда направленная против дочери и дошедшая в последнее время до жестокости. Ежели бы он заставлял ее все ночи класть поклоны, ежели бы он бил ее, заставлял таскать дрова и воду, -- ей бы и в голову не пришло, что ее положение трудно; но этот любящий мучитель, самый жестокий от того, что он любил и за то мучил себя и ее, -- умышленно умел не только оскорбить, унизить ее, но и доказать ей, что она всегда и во всем была виновата. В последнее время в нем появилась новая черта, более всего мучившая княжну Марью -- это было его бòльшее сближение с m-lle Bourienne. Пришедшая ему, в первую минуту по получении известия о намерении своего сына, мысль-шутка о том, что ежели Андрей женится, то и он сам женится на Bourienne, -- видимо понравилась ему, и он с упорством последнее время (как казалось княжне Марье) только для того, чтоб ее оскорбить, выказывал особенную ласку к m-lle Bourienne и выказывал свое недовольство к дочери выказываньем любви к Bourienne.",tolstoy:tolstoy_vol3:04738,tolstoy,tolstoy_vol3.shtml,X.,"Княжне Марье живо представилось положение m-lle Bourienne, в последнее время отдаленной от ее общества, но вместе с тем зависящей от нее и живущей в чужом доме. И ей стало жалко ее. Она кротко-вопросительно посмотрела на нее и протянула ей руку. M-lle Bourienne тотчас заплакала, стала целовать ее руку и говорить о горе, постигшем княжну, делая себя участницей этого горя. Она говорила о том, что единственное утешение в ее горе есть то, что княжна позволила ей разделить его с нею. Она говорила, что все бывшие недоразумения должны уничтожиться перед великим горем, что она чувствует себя чистою перед всеми, и что он оттуда видит ее любовь и благодарность. Княжна слушала ее, не понимая ее слов, но изредка взглядывая на нее и вслушиваясь в звуки ее голоса.",1,428.7415623535225,tolstoy:tolstoy_vol2:03611||tolstoy:tolstoy_vol3:04738
within_tolstoy,bm25,global,tolstoy:tolstoy_vol2:02547,tolstoy,tolstoy_vol2.shtml,IX.,"""Le 4 arrive le premier courrier de Pétersbourg. On apporte les malles dans le cabinet du maréchal, qui aime à faire tout par lui-mème. On m'appelle pour aider à faire le triage des lettres et prendre celles qui nous sont destinées. Le maréchal nous regarde faire et attend les paquets qui lui sont adressés. Nous cherchons -- il n'y en a point. Le maréchal devient impatient, se met lui même à la besogne et trouve des lettres de l'Empereur pour le comte T., pour le prince V. et autres. Alors le voilà qui se met dans une de ses colères bleues. Il jette feu et flamme contre tout le monde, s'empare des lettres, les decachète et lit celles de l'Empereur adressées à d'autres. A, так со мною поступают. Мне доверия нет! А, за мной следить велено, хорошо же; подите вон! Et il écrit le fameux ordre du jour au général Benigsen.",tolstoy:tolstoy_vol2:02552,tolstoy,tolstoy_vol2.shtml,IX.,"""Voilà le premier acte. Aux suivants l'intêret et le ridicule montent comme de raison. Après le départ du maréchal il se trouve que nous sommes en vue de l'ennemi, et qu'il faut livrer bataille. Boukshevden est général en chef par droit d'ancienneté, mais le général Benigsen n'est pas de cet avis; d'autant plus qu'il est lui, avec son corps en vue de l'ennemi, et qu'il veut profiter de l'occasion d'une bataille ""aus eigener Hand"" comme disent les Allemands. Il la donne. C'est la bataille de Poultousk qui est sensée être une grande victoire, mais qui à mon avis ne l'est pas du tout. Nous autres pekins avons, comme vous savez, une très vilaine habitude de décider du gain ou de la perte d'une bataille. Celui qui s'est retiré après la bataille, l'a perdu, voilà ce que nous disons, et à titre nous avons perdu la bataille de Poultousk. Bref, nous nous retirons après la bataille, mais nous envoyons un courrier à Pétersbourg, qui porte les nouvelles d'une victoire, et le général ne cède pas le commandement en chef à Boukshevden, espérant recevoir de Pétersbourg en reconnaissance de sa victoire le titre de général en chef. Pendant cet interrègne, nous commenèons un plan de manoeuvres excessivement intéressant et original. Notre but ne consiste pas, comme il devrait l'être, à éviter ou à attaquer l'ennemi; mais uniquement à éviter le général Boukshevden, qui par droit d'ancienneté serait notre chef. Nous poursuivons ce but avec tant d'énergie, que même en passant une rivière qui n'est pas guéable, nous brûlons les ponts pour nous séparer de notre ennemi, qui pour le moment, n'est pas Bonaparte, mais Boukshevden. Le général Boukshevden a manqué d'être attaqué et pris par des forces ennemies supérieures à cause d'une de nos belles manoeuvres qui nous sauvait de lui. Boukshevden nous poursuit -- nous filons. A peine passe-t-il de notre côté de la rivière, que nous repassons de l'autre. A la fin notre ennemi Boukshevden nous attrappe et s'attaque à nous. Les deux généraux se fâchent. Il y a même une provocation en duel de la part de Boukshevden et une attaque d'épilepsie de la part de Benigsen. Mais au moment critique le courrier, qui porte la nouvelle de notre victoire de Poultousk, nous apporte de Pétersbourg notre nomination de général en chef, et le premier ennemi Boukshevden est enfoncé: nous pouvons penser au second, à Bonaparte. Mais ne voilà-t-il pas qu'à ce moment se lève devant nous un troisième ennemi, c'est православное qui demande à grands cris du pain, de la viande, des souchary, du foin, -- que sais je! Les magasins sont vides, les chemins impraticables. Le православное se met à la maraude, et d'une manière dont la dernière campagne ne peut vous donner la moindre idée. La moitié des régiments forme des troupes libres, qui parcourent la contrée en mettant tout à feu et à sang. Les habitants sont ruinés de fond en comble, les hôpitaux regorgent de malades, et la disette est partout. Deux fois le quartier général a été attaqué par des troupes de maraudeurs et le général en chef a été obligé lui même de demander un bataillon pour les chasser. Dans une de ces attaques on m'a emporté ma malle vide et ma robe de chambre. L'Empereur veut donner le droit à tous les chefs de divisions de fusiller les maraudeurs, mais je crains fort que cela n'oblige une moitié de l'armée de fusiller l'autre.",1,407.8673361544972,tolstoy:tolstoy_vol2:02547||tolstoy:tolstoy_vol2:02552
within_tolstoy,bm25,global,tolstoy:tolstoy_vol2:03231,tolstoy,tolstoy_vol2.shtml,XXV.,"Ваша потеря так ужасна, что я иначе не могу себе объяснить ее, как особенную милость Бога, Который хочет испытать -- любя вас -- вас и вашу превосходную мать. Ах, мой друг, религия, и только одна религия, может нас, уже не говорю утешить, но избавить от отчаяния; одна религия может объяснить нам то, чего без ее помощи не может понять человек: для чего, зачем существа добрые, возвышенные, умеющие находить счастие в жизни, никому не только не вредящие, но необходимые для счастия других -- призываются к Богу, а остаются жить злые, бесполезные, вредные, или такие, которые в тягость себе и другим. Первая смерть, которую я видела и которую никогда не забуду -- смерть моей милой невестки, произвела на меня такое впечатление. Точно так же как и вы спрашиваете судьбу, для чего было умирать вашему прекрасному брату, точно так же спрашивала я, для чего было умирать этому ангелу -- Лизе, которая не только не сделала какого-нибудь зла человеку, но никогда кроме добрых мыслей не имела в своей душе. И чтó ж, мой друг? вот прошло с тех пор пять лет, и я, с своим ничтожным умом, уже начинаю ясно понимать, для чего ей нужно было умереть, и каким образом эта смерть была только выражением бесконечной благости Творца, все действия Которого, хотя мы их большею частью не понимаем, суть только проявления Его бесконечной любви к Своему творению. Может быть, я часто думаю, она была слишком ангельски-невинна для того, чтоб иметь силу перенести все обязанности матери. Она была безупречна, как молодая жена: может быть, она не могла бы быть такою матерью. Теперь, мало того, что она оставила нам, ив особенности князю Андрею, самое чистое сожаление и воспоминание, она там вероятно получит то место, которого я не смею надеяться для себя. Но, не говоря уже о ней одной, эта ранняя и страшная смерть имела самое благотворное влияние, несмотря на всю печаль, на меня и на брата. Тогда, в минуту потери, эти мысли не могли притти мне; тогда я с ужасом отогнала бы их, но теперь это так ясно и несомненно. Пишу всё это вам, мой друг, только для того, чтоб убедить вас в евангельской истине, сделавшейся для меня жизненным правилом: ни один волос с головы не упадет без Его воли. А воля Его руководствуется только одною беспредельною любовью к нам, и потому всё, чтò ни случается с нами, всё для нашего блага. Вы спрашиваете, проведем ли мы следующую зиму в Москве? Несмотря на всё желание вас видеть, не думаю и не желаю этого. И вы удивитесь, что причиною тому Буонапарте. И вот почему: здоровье отца моего заметно слабеет: он не может переносить противоречий и делается раздражителен. Раздражительность эта, как вы знаете, обращена преимущественно на политические дела. Он не может перенести мысли о том, что Буонапарте ведет дело как с равными, со всеми государями Европы и в особенности с нашим, внуком Великой Екатерины! Как вы знаете, я совершенно равнодушна к политическим делам, но из слов моего отца и разговоров его с Михаилом Ивановичем, я знаю всё, чтò делается в мире, и в особенности все почести, воздаваемые Буонапарте, которого, как кажется, еще только в Лысых Горах на всем земном шаре не признают ни великим человеком, ни еще менее французским императором. И мой отец не может переносить этого. Мне кажется, что мой отец, преимущественно вследствие своего взгляда на политические дела и предвидя столкновения, которые у него будут, вследствие его манеры, не стесняясь ни с кем, высказывать свои мнения, неохотно говорит о поездке в Москву. Всё, чтò он выиграет от лечения, он потеряет вследствие споров о Буонапарте, которые неминуемы. Во всяком случае это решится очень скоро. Семейная жизнь наша идет по старому, за исключением присутствия брата Андрея. Он, как я уже писала вам, очень изменился последнее время. После его горя, он теперь только, в нынешнем году, совершенно нравственно ожил. Он стал таким, каким я его знала ребенком: добрым, нежным, с тем золотым сердцем, которому я не знаю равного. Он понял, как мне кажется, что жизнь для него не кончена. Но вместе с этою нравственною переменой, он физически очень ослабел. Он стал худее чем прежде, нервнее. Я боюсь за него и рада, что он предпринял эту поездку за-границу, которую доктора уже давно предписывали ему. Я надеюсь, что это поправит его. Вы мне пишете, что в Петербурге о нем говорят, как об одном из самых деятельных, образованных и умных молодых людей. Простите за самолюбие родства -- я никогда в этом не сомневалась. Нельзя счесть добро, которое он здесь сделал всем, начиная с своих мужиков и до дворян. Приехав в Петербург, он взял только то, чтó ему следовало. Удивляюсь, каким образом вообще доходят слухи из Петербурга в Москву и особенно такие неверные, как тот, о котором вы мне пишете, -- слух о мнимой женитьбе брата на маленькой Ростовой. Я не думаю, чтоб Андрей когда-нибудь женился на ком бы то ни было и в особенности на ней. И вот почему: во-первых я знаю, что хотя он и редко говорит о покойной жене, но печаль этой потери слишком глубоко вкоренилась в его сердце, чтобы когда-нибудь он решился дать ей преемницу и мачиху нашему маленькому ангелу. Во-вторых потому, что, сколько я знаю, эта девушка не из того разряда женщин, которые могут нравиться князю Андрею. Не думаю, чтобы князь Андрей выбрал ее своею женою, и откровенно скажу: я не желаю этого. Но я заболталась, кончаю свой второй листок. Прощайте, мой милый друг; да сохранит вас Бог под Своим святым и могучим покровом. Моя милая подруга, mademoiselle Bourienne, целует вас.",tolstoy:tolstoy_vol3:06006,tolstoy,tolstoy_vol3.shtml,XXXII.,"""Да, любовь (думал он опять с совершенною ясностью), но не та любовь, которая любит за что-нибудь, для чего-нибудь, или почему-нибудь, но та любовь, которую я испытал в первый раз, когда умирая я увидал своего врага и всё-таки полюбил его. Я испытал то чувство любви, которая есть самая сущность души и для которой не нужно предмета. Я и теперь испытываю это блаженное чувство. -- Любить ближних, любить врагов своих. Всё любить -- любить Бога во всех проявлениях. Любить человека дорогого можно человеческою любовью; но только врага можно любить любовью божескою. И от этого-то я испытал такую радость, когда я почувствовал, что люблю того человека. Чтò с ним? Жив ли он... Любя человеческою любовью можно от любви перейти к ненависти; но божеская любовь не может измениться. Ничто, ни смерть, ничто не может разрушить ее. Она есть сущность души. А сколь многих людей я ненавидел в своей жизни. И из всех людей никого больше не любил я и не ненавидел как ее"". И он живо представил себе Наташу не так, как он представлял себе ее прежде, с одною ее прелестью, радостною для себя; но в первый раз представил себе ее душу. И он понял ее чувство, ее страданья, стыд, раскаянье. Он теперь в первый раз понял всю жестокость своего отказа, видел жестокость своего разрыва с нею. ""Ежели бы мне было возможно только еще один раз увидать ее. Один раз, глядя в эти глаза, сказать...""",1,396.68589809499457,tolstoy:tolstoy_vol2:03231||tolstoy:tolstoy_vol3:06006
within_tolstoy,tfidf,global,tolstoy:tolstoy_vol4:07980,tolstoy,tolstoy_vol4.shtml,ТОМ ПЕРВЫЙ,"-- Charmant, прошептала маленькая княгиня, втыкая иголку в работу, как будто в знак того, что интерес и прелесть истории мешают ей продолжать работу.",tolstoy:tolstoy_vol1:00072,tolstoy,tolstoy_vol1.shtml,III.,"-- Charmant, -- прошептала маленькая княгиня, втыкая иголку в работу, как будто в знак того, что интерес и прелесть рассказа мешают ей продолжать работу.",1,0.9560217043204492,tolstoy:tolstoy_vol1:00072||tolstoy:tolstoy_vol4:07980
within_tolstoy,tfidf,global,tolstoy:tolstoy_vol1:00177,tolstoy,tolstoy_vol1.shtml,V.,"-- Для чего? я не знаю. Так надо. Кроме того, я иду... -- Он остановился. -- Я иду потому, что эта жизнь, которую я веду здесь, эта жизнь -- не по мне!",tolstoy:tolstoy_vol4:08021,tolstoy,tolstoy_vol4.shtml,ТОМ ПЕРВЫЙ,"-- Кроме того, я иду... Он остановился. -- Я иду потому, что эта жизнь, которую я веду здесь, эта жизнь -- не по мне!",1,0.9488213669512722,tolstoy:tolstoy_vol1:00177||tolstoy:tolstoy_vol4:08021
within_tolstoy,tfidf,global,tolstoy:tolstoy_vol1:00121,tolstoy,tolstoy_vol1.shtml,IV.,"-- Нет, -- говорил он, всё более и более одушевляясь, -- Наполеон велик, потому что он стал выше революции, подавил ее злоупотребления, удержав всё хорошее -- и равенство граждан, и свободу слова и печати -- и только потому приобрел власть.",tolstoy:tolstoy_vol4:08008,tolstoy,tolstoy_vol4.shtml,ТОМ ПЕРВЫЙ,"-- Нет, говорил он всё более и более одушевляясь. Бурбоны и роялисты бежали от революции, они не могли понять ее. А этот человек стал выше ее, подавил ее злоупотребления, удержав всё хорошее -- и равенство граждан, и свободу слова и печати, и только потому приобрел власть.",1,0.8284288542798197,tolstoy:tolstoy_vol1:00121||tolstoy:tolstoy_vol4:08008
within_tolstoy,tfidf,global,tolstoy:tolstoy_vol1:00942,tolstoy,tolstoy_vol1.shtml,IV.,"-- А ежели ты у меня не возьмешь денег по-товарищески, ты меня обидишь. Право, у меня есть, -- повторял Ростов.",tolstoy:tolstoy_vol4:08162,tolstoy,tolstoy_vol4.shtml,ТОМ ПЕРВЫЙ,"-- Нет, пожалуста, Денисов... Я ни за что не возьму лошадь. А ежели ты у меня не возьмешь деньги по-товарищески, ты меня обидишь. Право, у меня есть.",1,0.7648014915101649,tolstoy:tolstoy_vol1:00942||tolstoy:tolstoy_vol4:08162
within_tolstoy,tfidf,global,tolstoy:tolstoy_vol1:00927,tolstoy,tolstoy_vol1.shtml,IV.,"-- Ну, чтò, молодой кавалерист, как вам мой Грачик служит? -- спросил он. (Грачик была верховая лошадь, подъездок, проданная Теляниным Ростову.)",tolstoy:tolstoy_vol4:08159,tolstoy,tolstoy_vol4.shtml,ТОМ ПЕРВЫЙ,"Слов: (Грачик была верховая лошадь, подъездок, проданная Теляниным Ростову). -- нет в Р. В .",1,0.7453887982959373,tolstoy:tolstoy_vol1:00927||tolstoy:tolstoy_vol4:08159
within_tolstoy,tfidf,global,tolstoy:tolstoy_vol3:05141,tolstoy,tolstoy_vol3.shtml,XXVII.,"""Вице-король завладеет деревней и перейдет по своим трем мостам, следуя на одной высоте с дивизиями Морана и Жерара, которые, под его предводительством, направятся к редуту и войдут в линию с прочими войсками армии.",tolstoy:tolstoy_vol3:05147,tolstoy,tolstoy_vol3.shtml,XXVII.,"Четвертое: Вице-король овладеет деревнею (Бородиным) и перейдет по своим трем мостам , следуя на одной высоте с дивизиями Морана и Фриана (о которых не сказано: куда и когда они будут двигаться), которые под его предводительством направятся к редуту и войдут в линию с прочими войсками.",1,0.7451995635356423,tolstoy:tolstoy_vol3:05141||tolstoy:tolstoy_vol3:05147
within_tolstoy,tfidf,global,tolstoy:tolstoy_vol4:08148,tolstoy,tolstoy_vol4.shtml,ТОМ ПЕРВЫЙ,"Видно было, что Ростов еще не свыкся с своим положением, и ему приятно было говорить ты такому старому человеку. Но Денисов уже расходился, глаза его налились кровью, он взял подаваемую ему закуренную трубку, сжал в кулак и, рассыпая огонь, бил ею по полу, продолжая кричать.",tolstoy:tolstoy_vol1:00918,tolstoy,tolstoy_vol1.shtml,IV.,"Денисов взял подаваемую ему закуренную трубку, сжал в кулак, и, рассыпая огонь, ударил ею по полу, продолжая кричать.",1,0.6802984674251019,tolstoy:tolstoy_vol1:00918||tolstoy:tolstoy_vol4:08148
within_tolstoy,tfidf,global,tolstoy:tolstoy_vol4:08014,tolstoy,tolstoy_vol4.shtml,ТОМ ПЕРВЫЙ,"-- Я понимаю военную службу; но вот чтò объясните мне, сказал он. -- Зачем вы -- вы понимаете всё -- зачем вы идете на эту войну, против кого же? Против Наполеона и Франции. Ежели б это была война за свободу, я бы понял, я бы первый поступил в военную службу; но помогать Англии и Австрии против величайшего человека в мире... Я не понимаю, как вы идете?",tolstoy:tolstoy_vol1:00174,tolstoy,tolstoy_vol1.shtml,V.,"-- Нет, не был, но вот чтò мне пришло в голову, и я хотел вам сказать. Теперь война против Наполеона. Ежели б это была война за свободу, я бы понял, я бы первый поступил в военную службу; но помогать Англии и Австрии против величайшего человека в мире... это нехорошо...",1,0.6513422871055892,tolstoy:tolstoy_vol1:00174||tolstoy:tolstoy_vol4:08014
within_tolstoy,tfidf,global,tolstoy:tolstoy_vol4:08229,tolstoy,tolstoy_vol4.shtml,ТОМ ЧЕТВЕРТЫЙ,"Слов: Не говоря о том, что без понятия власти не может обойтись ни одно описание совокупной деятельности людей, -- нет в изд . 73 г.",tolstoy:tolstoy_vol4:07790,tolstoy,tolstoy_vol4.shtml,V.,"Не говоря о том, что без понятия власти не может обойтись ни одно описание совокупной деятельности людей, существование власти доказывается как историею, так и наблюдением современных событий.",1,0.6419835312334595,tolstoy:tolstoy_vol4:07790||tolstoy:tolstoy_vol4:08229
within_tolstoy,tfidf,global,tolstoy:tolstoy_vol2:03534,tolstoy,tolstoy_vol2.shtml,ХІ.,"-- Ха-ха-ха!... Гусар-то, гусар-то! Точно мальчик, и ноги!... Я видеть не могу... -- слышались голоса.",tolstoy:tolstoy_vol4:06596,tolstoy,tolstoy_vol4.shtml,XIV.,"-- Ха, ха, ха! -- смеялся Пьер. И он проговорил вслух сам с собою: -- Не пустил меня солдат. Поймали меня, заперли меня. В плену держат меня. Кого меня? Меня? Меня -- мою бессмертную душу! Ха, ха, ха!.. Ха, ха, ха!.. -- смеялся он с выступившими на глаза слезами.",1,0.6398762092414486,tolstoy:tolstoy_vol2:03534||tolstoy:tolstoy_vol4:06596
within_tolstoy,tfidf,local,tolstoy:tolstoy_vol1:00072,tolstoy,tolstoy_vol1.shtml,III.,"-- Charmant, -- прошептала маленькая княгиня, втыкая иголку в работу, как будто в знак того, что интерес и прелесть рассказа мешают ей продолжать работу.",tolstoy:tolstoy_vol4:07980,tolstoy,tolstoy_vol4.shtml,ТОМ ПЕРВЫЙ,"-- Charmant, прошептала маленькая княгиня, втыкая иголку в работу, как будто в знак того, что интерес и прелесть истории мешают ей продолжать работу.",1,0.9541922052467844,tolstoy:tolstoy_vol1:00072||tolstoy:tolstoy_vol4:07980
within_tolstoy,tfidf,local,tolstoy:tolstoy_vol4:08021,tolstoy,tolstoy_vol4.shtml,ТОМ ПЕРВЫЙ,"-- Кроме того, я иду... Он остановился. -- Я иду потому, что эта жизнь, которую я веду здесь, эта жизнь -- не по мне!",tolstoy:tolstoy_vol1:00177,tolstoy,tolstoy_vol1.shtml,V.,"-- Для чего? я не знаю. Так надо. Кроме того, я иду... -- Он остановился. -- Я иду потому, что эта жизнь, которую я веду здесь, эта жизнь -- не по мне!",1,0.9479866025272152,tolstoy:tolstoy_vol1:00177||tolstoy:tolstoy_vol4:08021
within_tolstoy,tfidf,local,tolstoy:tolstoy_vol4:08008,tolstoy,tolstoy_vol4.shtml,ТОМ ПЕРВЫЙ,"-- Нет, говорил он всё более и более одушевляясь. Бурбоны и роялисты бежали от революции, они не могли понять ее. А этот человек стал выше ее, подавил ее злоупотребления, удержав всё хорошее -- и равенство граждан, и свободу слова и печати, и только потому приобрел власть.",tolstoy:tolstoy_vol1:00121,tolstoy,tolstoy_vol1.shtml,IV.,"-- Нет, -- говорил он, всё более и более одушевляясь, -- Наполеон велик, потому что он стал выше революции, подавил ее злоупотребления, удержав всё хорошее -- и равенство граждан, и свободу слова и печати -- и только потому приобрел власть.",1,0.8301076435803757,tolstoy:tolstoy_vol1:00121||tolstoy:tolstoy_vol4:08008
within_tolstoy,tfidf,local,tolstoy:tolstoy_vol4:08162,tolstoy,tolstoy_vol4.shtml,ТОМ ПЕРВЫЙ,"-- Нет, пожалуста, Денисов... Я ни за что не возьму лошадь. А ежели ты у меня не возьмешь деньги по-товарищески, ты меня обидишь. Право, у меня есть.",tolstoy:tolstoy_vol1:00942,tolstoy,tolstoy_vol1.shtml,IV.,"-- А ежели ты у меня не возьмешь денег по-товарищески, ты меня обидишь. Право, у меня есть, -- повторял Ростов.",1,0.7650034336336232,tolstoy:tolstoy_vol1:00942||tolstoy:tolstoy_vol4:08162
within_tolstoy,tfidf,local,tolstoy:tolstoy_vol3:05147,tolstoy,tolstoy_vol3.shtml,XXVII.,"Четвертое: Вице-король овладеет деревнею (Бородиным) и перейдет по своим трем мостам , следуя на одной высоте с дивизиями Морана и Фриана (о которых не сказано: куда и когда они будут двигаться), которые под его предводительством направятся к редуту и войдут в линию с прочими войсками.",tolstoy:tolstoy_vol3:05141,tolstoy,tolstoy_vol3.shtml,XXVII.,"""Вице-король завладеет деревней и перейдет по своим трем мостам, следуя на одной высоте с дивизиями Морана и Жерара, которые, под его предводительством, направятся к редуту и войдут в линию с прочими войсками армии.",1,0.7472481281876259,tolstoy:tolstoy_vol3:05141||tolstoy:tolstoy_vol3:05147
within_tolstoy,tfidf,local,tolstoy:tolstoy_vol1:00927,tolstoy,tolstoy_vol1.shtml,IV.,"-- Ну, чтò, молодой кавалерист, как вам мой Грачик служит? -- спросил он. (Грачик была верховая лошадь, подъездок, проданная Теляниным Ростову.)",tolstoy:tolstoy_vol4:08159,tolstoy,tolstoy_vol4.shtml,ТОМ ПЕРВЫЙ,"Слов: (Грачик была верховая лошадь, подъездок, проданная Теляниным Ростову). -- нет в Р. В .",1,0.7280273295476178,tolstoy:tolstoy_vol1:00927||tolstoy:tolstoy_vol4:08159
within_tolstoy,tfidf,local,tolstoy:tolstoy_vol4:08148,tolstoy,tolstoy_vol4.shtml,ТОМ ПЕРВЫЙ,"Видно было, что Ростов еще не свыкся с своим положением, и ему приятно было говорить ты такому старому человеку. Но Денисов уже расходился, глаза его налились кровью, он взял подаваемую ему закуренную трубку, сжал в кулак и, рассыпая огонь, бил ею по полу, продолжая кричать.",tolstoy:tolstoy_vol1:00918,tolstoy,tolstoy_vol1.shtml,IV.,"Денисов взял подаваемую ему закуренную трубку, сжал в кулак, и, рассыпая огонь, ударил ею по полу, продолжая кричать.",1,0.672690047181411,tolstoy:tolstoy_vol1:00918||tolstoy:tolstoy_vol4:08148
within_tolstoy,tfidf,local,tolstoy:tolstoy_vol2:03534,tolstoy,tolstoy_vol2.shtml,ХІ.,"-- Ха-ха-ха!... Гусар-то, гусар-то! Точно мальчик, и ноги!... Я видеть не могу... -- слышались голоса.",tolstoy:tolstoy_vol4:06596,tolstoy,tolstoy_vol4.shtml,XIV.,"-- Ха, ха, ха! -- смеялся Пьер. И он проговорил вслух сам с собою: -- Не пустил меня солдат. Поймали меня, заперли меня. В плену держат меня. Кого меня? Меня? Меня -- мою бессмертную душу! Ха, ха, ха!.. Ха, ха, ха!.. -- смеялся он с выступившими на глаза слезами.",1,0.6461367773583844,tolstoy:tolstoy_vol2:03534||tolstoy:tolstoy_vol4:06596
within_tolstoy,tfidf,local,tolstoy:tolstoy_vol1:00174,tolstoy,tolstoy_vol1.shtml,V.,"-- Нет, не был, но вот чтò мне пришло в голову, и я хотел вам сказать. Теперь война против Наполеона. Ежели б это была война за свободу, я бы понял, я бы первый поступил в военную службу; но помогать Англии и Австрии против величайшего человека в мире... это нехорошо...",tolstoy:tolstoy_vol4:08014,tolstoy,tolstoy_vol4.shtml,ТОМ ПЕРВЫЙ,"-- Я понимаю военную службу; но вот чтò объясните мне, сказал он. -- Зачем вы -- вы понимаете всё -- зачем вы идете на эту войну, против кого же? Против Наполеона и Франции. Ежели б это была война за свободу, я бы понял, я бы первый поступил в военную службу; но помогать Англии и Австрии против величайшего человека в мире... Я не понимаю, как вы идете?",1,0.6413690521625363,tolstoy:tolstoy_vol1:00174||tolstoy:tolstoy_vol4:08014
within_tolstoy,tfidf,local,tolstoy:tolstoy_vol4:07790,tolstoy,tolstoy_vol4.shtml,V.,"Не говоря о том, что без понятия власти не может обойтись ни одно описание совокупной деятельности людей, существование власти доказывается как историею, так и наблюдением современных событий.",tolstoy:tolstoy_vol4:08229,tolstoy,tolstoy_vol4.shtml,ТОМ ЧЕТВЕРТЫЙ,"Слов: Не говоря о том, что без понятия власти не может обойтись ни одно описание совокупной деятельности людей, -- нет в изд . 73 г.",1,0.6347720111472928,tolstoy:tolstoy_vol4:07790||tolstoy:tolstoy_vol4:08229
